{"cameraMode":{"drawMode":0,"name":"Shaded","section":"Shading Mode"},"sceneLighting":false,"audioPlay":false,"sceneViewState":{"showFog":true,"showMaterialUpdate":false,"showSkybox":false,"showFlares":true,"showImageEffects":true,"showParticleSystems":true},"in2DMode":false,"pivot":{"x":0.0,"y":0.4000000059604645,"z":2.549999952316284},"rotation":{"x":-0.2560241222381592,"y":0.005781199783086777,"z":-0.0016203471459448338,"w":-0.9666921496391296},"size":0.7077428698539734,"orthographic":false}