{"cameraMode":{"drawMode":0,"name":"Shaded","section":"Shading Mode"},"sceneLighting":false,"audioPlay":false,"sceneViewState":{"showFog":true,"showMaterialUpdate":false,"showSkybox":false,"showFlares":true,"showImageEffects":true,"showParticleSystems":true},"in2DMode":false,"pivot":{"x":-0.17308717966079713,"y":0.6230037212371826,"z":-0.1282554268836975},"rotation":{"x":-0.17050887644290925,"y":-0.4737316966056824,"z":0.09390970319509506,"w":-0.8589364290237427},"size":0.833291232585907,"orthographic":false}